-- Insert Data into Customer Table
INSERT INTO customer (id, name, phone_number, status, created_time, updated_time) VALUES
('550e8400-e29b-41d4-a716-446655440000', 'Alice Johnson', '555-1234', 'ACTIVE', '2024-07-23 14:00:00', '2024-07-23 14:00:00'),
('550e8400-e29b-41d4-a716-446655440001', 'Bob Smith', '555-5678', 'INACTIVE', '2024-07-23 15:00:00', '2024-07-23 15:00:00'),
('550e8400-e29b-41d4-a716-446655440002', 'Charlie Brown', '555-8765', 'ACTIVE', '2024-07-23 16:00:00', '2024-07-23 16:00:00'),
('550e8400-e29b-41d4-a716-446655440003', 'Diana Prince', '555-4321', 'ACTIVE', '2024-07-24 10:00:00', '2024-07-24 10:00:00'),
('550e8400-e29b-41d4-a716-446655440004', 'Ethan Hunt', '555-6789', 'INACTIVE', '2024-07-24 11:00:00', '2024-07-24 11:00:00'),
('550e8400-e29b-41d4-a716-446655440005', 'Fiona Gallagher', '555-9876', 'ACTIVE', '2024-07-24 12:00:00', '2024-07-24 12:00:00');

-- Insert Data into Product Table
INSERT INTO Product (name, price, status, created_time, updated_time) VALUES
('Huawei Mate 50 Pro', 114999, 'ACTIVE', '2024-07-23 14:00:00', '2024-07-23 14:00:00'),
('OnePlus 11T', 89999, 'INACTIVE', '2024-07-23 15:00:00', '2024-07-23 15:00:00'),
('Jabra Elite 85h Headphones', 34999, 'ACTIVE', '2024-07-23 16:00:00', '2024-07-23 16:00:00'),
('HP Spectre x360', 149999, 'ACTIVE', '2024-07-23 17:00:00', '2024-07-23 17:00:00'),
('Acer Swift 5', 97999, 'INACTIVE', '2024-07-23 18:00:00', '2024-07-23 18:00:00'),
('Nintendo Switch OLED', 49999, 'ACTIVE', '2024-07-23 19:00:00', '2024-07-23 19:00:00'),
('Lenovo Yoga 9i', 139999, 'ACTIVE', '2024-07-23 20:00:00', '2024-07-23 20:00:00'),
('Xiaomi Mi 11 Ultra', 84999, 'INACTIVE', '2024-07-23 21:00:00', '2024-07-23 21:00:00'),
('Sennheiser Momentum 4', 35999, 'ACTIVE', '2024-07-23 22:00:00', '2024-07-23 22:00:00'),
('Samsung Galaxy Buds Pro', 21999, 'INACTIVE', '2024-07-23 23:00:00', '2024-07-23 23:00:00'),
('Fujifilm X-H2S', 469999, 'ACTIVE', '2024-07-24 00:00:00', '2024-07-24 00:00:00'),
('Panasonic Lumix GH6', 529695, 'ACTIVE', '2024-07-24 01:00:00', '2024-07-24 01:00:00'),
('Olympus OM-D E-M1 Mark III', 54999, 'INACTIVE', '2024-07-24 02:00:00', '2024-07-24 02:00:00'),
('Autel Robotics EVO Lite+', 89999, 'ACTIVE', '2024-07-24 03:00:00', '2024-07-24 03:00:00'),
('HTC Vive Pro 2', 43999, 'INACTIVE', '2024-07-24 04:00:00', '2024-07-24 04:00:00'),
('Garmin Fenix 7X', 99999, 'ACTIVE', '2024-07-24 05:00:00', '2024-07-24 05:00:00'),
('Suunto 9 Peak', 74999, 'ACTIVE', '2024-07-24 06:00:00', '2024-07-24 06:00:00'),
('Razer Blade 15 Advanced', 54999, 'INACTIVE', '2024-07-24 07:00:00', '2024-07-24 07:00:00'),
('ASUS TUF Gaming A15', 119999, 'ACTIVE', '2024-07-24 08:00:00', '2024-07-24 08:00:00'),
('BenQ EX3501R', 179999, 'ACTIVE', '2024-07-24 09:00:00', '2024-07-24 09:00:00'),
('LG Ultragear 34GN850-B', 209999, 'INACTIVE', '2024-07-24 10:00:00', '2024-07-24 10:00:00'),
('Nespresso VertuoPlus', 19999, 'ACTIVE', '2024-07-24 11:00:00', '2024-07-24 11:00:00'),
('Krups EA8250', 99999, 'ACTIVE', '2024-07-24 12:00:00', '2024-07-24 12:00:00'),
('Tefal Actifry Genius XL', 57999, 'INACTIVE', '2024-07-24 13:00:00', '2024-07-24 13:00:00'),
('Miele CM6 Coffee Machine', 139999, 'ACTIVE', '2024-07-24 14:00:00', '2024-07-24 14:00:00'),
('Breville Bambino Plus', 79999, 'ACTIVE', '2024-07-24 15:00:00', '2024-07-24 15:00:00'),
('DeLonghi Dinamica Plus', 139999, 'INACTIVE', '2024-07-24 16:00:00', '2024-07-24 16:00:00'),
('Bosch Serie 8 Washing Machine', 159999, 'ACTIVE', '2024-07-24 17:00:00', '2024-07-24 17:00:00');

-- Insert Data into Invoice Table
INSERT INTO invoice (id, customer_id, invoice_amount, invoice_date, created_time, updated_time) VALUES
('550e8400-e29b-41d4-a716-446655440100', '550e8400-e29b-41d4-a716-446655440000', 1349.98, '2024-07-23 14:00:00', '2024-07-23 14:00:00', '2024-07-23 14:00:00'),
('550e8400-e29b-41d4-a716-446655440101', '550e8400-e29b-41d4-a716-446655440001', 949.99, '2024-07-23 15:00:00', '2024-07-23 15:00:00', '2024-07-23 15:00:00'),
('550e8400-e29b-41d4-a716-446655440102', '550e8400-e29b-41d4-a716-446655440002', 1599.98, '2024-07-23 16:00:00', '2024-07-23 16:00:00', '2024-07-23 16:00:00'),
('550e8400-e29b-41d4-a716-446655440103', '550e8400-e29b-41d4-a716-446655440003', 1299.99, '2024-07-24 10:00:00', '2024-07-24 10:00:00', '2024-07-24 10:00:00'),
('550e8400-e29b-41d4-a716-446655440104', '550e8400-e29b-41d4-a716-446655440004', 299.99, '2024-07-24 11:00:00', '2024-07-24 11:00:00', '2024-07-24 11:00:00'),
('550e8400-e29b-41d4-a716-446655440105', '550e8400-e29b-41d4-a716-446655440005', 179.99, '2024-07-24 12:00:00', '2024-07-24 12:00:00', '2024-07-24 12:00:00');

-- Insert Data into InvoiceProduct Table
INSERT INTO invoice_product (invoice_id, product_id, quantity, price, amount) VALUES
('550e8400-e29b-41d4-a716-446655440100', 1, 1, 999.99, 999.99),
('550e8400-e29b-41d4-a716-446655440100', 3, 1, 349.99, 349.99),
('550e8400-e29b-41d4-a716-446655440101', 2, 1, 949.99, 949.99),
('550e8400-e29b-41d4-a716-446655440102', 4, 1, 1299.99, 1299.99),
('550e8400-e29b-41d4-a716-446655440103', 5, 1, 1299.99, 1299.99),
('550e8400-e29b-41d4-a716-446655440104', 7, 1, 299.99, 299.99),
('550e8400-e29b-41d4-a716-446655440105', 8, 1, 179.99, 179.99),
('550e8400-e29b-41d4-a716-446655440103', 6, 1, 899.99, 899.99),
('550e8400-e29b-41d4-a716-446655440104', 9, 1, 399.99, 399.99),
('550e8400-e29b-41d4-a716-446655440100', 10, 1, 399.99, 399.99);
